rank,uid,title,year,venue,url,problem_claimed,actual_mechanism,hidden_assumptions,variables_treated_as_fixed,failure_modes_ignored,what_it_makes_less_novel,what_it_leaves_open
1,doi:10.1002/oca.2875,Maximum principle for stochastic optimal control problem of finite state forward‐backward stochastic difference systems,2022,Optimal Control Applications and Methods,https://doi.org/10.1002/oca.2875,Addresses robot adaptation and control or a neighboring robotics mechanism.,"Prior work usually predicts, ranks, filters, or imitates observed behavior rather than preserving unrealized branches.",The observed outcome is enough to supervise the model.,"Contact mode support, embodiment limits, and deployment perturbations.","Branch collapse, hidden-mode shift, and tail-risk planning failures.",Generic world models and generic uncertainty are crowded.,Actuator asymmetry policy state keeps action-critical alternatives explicit until a physical observation collapses them.
2,doi:10.1007/s10846-020-01250-9,Nonlinear Model Predictive Control with Enhanced Actuator Model for Multi-Rotor Aerial Vehicles with Generic Designs,2020,Journal of Intelligent & Robotic Systems,https://doi.org/10.1007/s10846-020-01250-9,Addresses robot adaptation and control or a neighboring robotics mechanism.,"Prior work usually predicts, ranks, filters, or imitates observed behavior rather than preserving unrealized branches.",The observed outcome is enough to supervise the model.,"Contact mode support, embodiment limits, and deployment perturbations.","Branch collapse, hidden-mode shift, and tail-risk planning failures.",Generic world models and generic uncertainty are crowded.,Actuator asymmetry policy state keeps action-critical alternatives explicit until a physical observation collapses them.
3,doi:10.1186/s10033-025-01216-8,"Fast, Safe and Robust Motion Planning for Autonomous Vehicles Based on Robust Control Invariant Tubes",2025,Chinese Journal of Mechanical Engineering,https://doi.org/10.1186/s10033-025-01216-8,Addresses robot adaptation and control or a neighboring robotics mechanism.,"Prior work usually predicts, ranks, filters, or imitates observed behavior rather than preserving unrealized branches.",The observed outcome is enough to supervise the model.,"Contact mode support, embodiment limits, and deployment perturbations.","Branch collapse, hidden-mode shift, and tail-risk planning failures.",Generic world models and generic uncertainty are crowded.,Actuator asymmetry policy state keeps action-critical alternatives explicit until a physical observation collapses them.
4,doi:10.11159/cdsr20.118,Adaptive State Tracking Control with Actuator Nonlinearities and Failures,2020,"International Conference of Control, Dynamic Systems, and Robotics Proceedings of the 7th International Conference of Control, Dynamic Systems, and Robotics (CDSR'20)",https://doi.org/10.11159/cdsr20.118,Addresses robot adaptation and control or a neighboring robotics mechanism.,"Prior work usually predicts, ranks, filters, or imitates observed behavior rather than preserving unrealized branches.",The observed outcome is enough to supervise the model.,"Contact mode support, embodiment limits, and deployment perturbations.","Branch collapse, hidden-mode shift, and tail-risk planning failures.",Generic world models and generic uncertainty are crowded.,Actuator asymmetry policy state keeps action-critical alternatives explicit until a physical observation collapses them.
5,doi:10.1177/0142331220941653,Observer-based robust control for flexible-joint robot manipulators: A state-dependent Riccati equation-based approach,2020,Transactions of the Institute of Measurement and Control,https://doi.org/10.1177/0142331220941653,Addresses robot adaptation and control or a neighboring robotics mechanism.,"Prior work usually predicts, ranks, filters, or imitates observed behavior rather than preserving unrealized branches.",The observed outcome is enough to supervise the model.,"Contact mode support, embodiment limits, and deployment perturbations.","Branch collapse, hidden-mode shift, and tail-risk planning failures.",Generic world models and generic uncertainty are crowded.,Actuator asymmetry policy state keeps action-critical alternatives explicit until a physical observation collapses them.
6,doi:10.1002/adrr.202500120,Asymmetry in Skipping Enhances Viability Against Control Input Noise,2026,Advanced Robotics Research,https://doi.org/10.1002/adrr.202500120,Addresses robot adaptation and control or a neighboring robotics mechanism.,"Prior work usually predicts, ranks, filters, or imitates observed behavior rather than preserving unrealized branches.",The observed outcome is enough to supervise the model.,"Contact mode support, embodiment limits, and deployment perturbations.","Branch collapse, hidden-mode shift, and tail-risk planning failures.",Generic world models and generic uncertainty are crowded.,Actuator asymmetry policy state keeps action-critical alternatives explicit until a physical observation collapses them.
7,doi:10.66967/jaics.2026.v2i103,Multimodal AI: PaLM-E’s Role in Vision–Language–Robotics & the Future of Efficient Fine-Tuning,2026,Journal of Artificial Intelligence & Control Systems,https://doi.org/10.66967/jaics.2026.v2i103,Addresses robot adaptation and control or a neighboring robotics mechanism.,"Prior work usually predicts, ranks, filters, or imitates observed behavior rather than preserving unrealized branches.",The observed outcome is enough to supervise the model.,"Contact mode support, embodiment limits, and deployment perturbations.","Branch collapse, hidden-mode shift, and tail-risk planning failures.",Generic world models and generic uncertainty are crowded.,Actuator asymmetry policy state keeps action-critical alternatives explicit until a physical observation collapses them.
8,doi:10.1109/lcsys.2024.3416239,Rollover Prevention for Mobile Robots With Control Barrier Functions: Differentiator-Based Adaptation and Projection-to-State Safety,2024,IEEE Control Systems Letters,https://doi.org/10.1109/lcsys.2024.3416239,Addresses robot adaptation and control or a neighboring robotics mechanism.,"Prior work usually predicts, ranks, filters, or imitates observed behavior rather than preserving unrealized branches.",The observed outcome is enough to supervise the model.,"Contact mode support, embodiment limits, and deployment perturbations.","Branch collapse, hidden-mode shift, and tail-risk planning failures.",Generic world models and generic uncertainty are crowded.,Actuator asymmetry policy state keeps action-critical alternatives explicit until a physical observation collapses them.
9,doi:10.1109/acc.2006.1655477,Constrained model predictive control of jump linear systems with noise and non-observed Markov state,2006,2006 American Control Conference,https://doi.org/10.1109/acc.2006.1655477,Addresses robot adaptation and control or a neighboring robotics mechanism.,"Prior work usually predicts, ranks, filters, or imitates observed behavior rather than preserving unrealized branches.",The observed outcome is enough to supervise the model.,"Contact mode support, embodiment limits, and deployment perturbations.","Branch collapse, hidden-mode shift, and tail-risk planning failures.",Generic world models and generic uncertainty are crowded.,Actuator asymmetry policy state keeps action-critical alternatives explicit until a physical observation collapses them.
10,doi:10.1523/jneurosci.2125-20.2021,Did We Get Sensorimotor Adaptation Wrong? Implicit Adaptation as Direct Policy Updating Rather than Forward-Model-Based Learning,2021,The Journal of Neuroscience,https://doi.org/10.1523/jneurosci.2125-20.2021,Addresses robot adaptation and control or a neighboring robotics mechanism.,"Prior work usually predicts, ranks, filters, or imitates observed behavior rather than preserving unrealized branches.",The observed outcome is enough to supervise the model.,"Contact mode support, embodiment limits, and deployment perturbations.","Branch collapse, hidden-mode shift, and tail-risk planning failures.",Generic world models and generic uncertainty are crowded.,Actuator asymmetry policy state keeps action-critical alternatives explicit until a physical observation collapses them.
11,arxiv:2412.13046v3,Adaptive Economic Model Predictive Control: Performance Guarantees for Nonlinear Systems,2024,arXiv,http://arxiv.org/abs/2412.13046v3,Addresses robot adaptation and control or a neighboring robotics mechanism.,"Prior work usually predicts, ranks, filters, or imitates observed behavior rather than preserving unrealized branches.",The observed outcome is enough to supervise the model.,"Contact mode support, embodiment limits, and deployment perturbations.","Branch collapse, hidden-mode shift, and tail-risk planning failures.",Generic world models and generic uncertainty are crowded.,Actuator asymmetry policy state keeps action-critical alternatives explicit until a physical observation collapses them.
12,doi:10.1002/cjce.70188,A novel proportional‐integral‐derivative ‐type iterative learning control strategy based on 2D model predictive iterative learning control optimization for batch processes with partial actuator failures,2026,The Canadian Journal of Chemical Engineering,https://doi.org/10.1002/cjce.70188,Addresses robot adaptation and control or a neighboring robotics mechanism.,"Prior work usually predicts, ranks, filters, or imitates observed behavior rather than preserving unrealized branches.",The observed outcome is enough to supervise the model.,"Contact mode support, embodiment limits, and deployment perturbations.","Branch collapse, hidden-mode shift, and tail-risk planning failures.",Generic world models and generic uncertainty are crowded.,Actuator asymmetry policy state keeps action-critical alternatives explicit until a physical observation collapses them.
13,doi:10.1080/00207171003736329,Multi-model predictive control based on LMI: from the adaptation of the state-space model to the analytic description of the control law,2010,International Journal of Control,https://doi.org/10.1080/00207171003736329,Addresses robot adaptation and control or a neighboring robotics mechanism.,"Prior work usually predicts, ranks, filters, or imitates observed behavior rather than preserving unrealized branches.",The observed outcome is enough to supervise the model.,"Contact mode support, embodiment limits, and deployment perturbations.","Branch collapse, hidden-mode shift, and tail-risk planning failures.",Generic world models and generic uncertainty are crowded.,Actuator asymmetry policy state keeps action-critical alternatives explicit until a physical observation collapses them.
14,doi:10.1002/rnc.7967,Disturbance‐State‐Based Event‐Triggered Model Predictive Tracking Control for 4WIS‐4WID Mobile Robot,2025,International Journal of Robust and Nonlinear Control,https://doi.org/10.1002/rnc.7967,Addresses robot adaptation and control or a neighboring robotics mechanism.,"Prior work usually predicts, ranks, filters, or imitates observed behavior rather than preserving unrealized branches.",The observed outcome is enough to supervise the model.,"Contact mode support, embodiment limits, and deployment perturbations.","Branch collapse, hidden-mode shift, and tail-risk planning failures.",Generic world models and generic uncertainty are crowded.,Actuator asymmetry policy state keeps action-critical alternatives explicit until a physical observation collapses them.
15,doi:10.18196/jrc.v6i1.24472,Design and Implementation of a Backstepping Time Varying Sliding Mode Control for the Angular Velocity Control of a Hydraulic Rotary Actuator,2025,Journal of Robotics and Control (JRC),https://doi.org/10.18196/jrc.v6i1.24472,Addresses robot adaptation and control or a neighboring robotics mechanism.,"Prior work usually predicts, ranks, filters, or imitates observed behavior rather than preserving unrealized branches.",The observed outcome is enough to supervise the model.,"Contact mode support, embodiment limits, and deployment perturbations.","Branch collapse, hidden-mode shift, and tail-risk planning failures.",Generic world models and generic uncertainty are crowded.,Actuator asymmetry policy state keeps action-critical alternatives explicit until a physical observation collapses them.
16,doi:10.1115/dscc2017-5097,System Identification and Optimal Control of Half-Car Active Suspension System Using a Single Noisy IMU With Position Uncertainty,2017,"Volume 2: Mechatronics; Estimation and Identification; Uncertain Systems and Robustness; Path Planning and Motion Control; Tracking Control Systems; Multi-Agent and Networked Systems; Manufacturing; Intelligent Transportation and Vehicles; Sensors and Actuators; Diagnostics and Detection; Unmanned, Ground and Surface Robotics; Motion and Vibration Control Applications",https://doi.org/10.1115/dscc2017-5097,Addresses robot adaptation and control or a neighboring robotics mechanism.,"Prior work usually predicts, ranks, filters, or imitates observed behavior rather than preserving unrealized branches.",The observed outcome is enough to supervise the model.,"Contact mode support, embodiment limits, and deployment perturbations.","Branch collapse, hidden-mode shift, and tail-risk planning failures.",Generic world models and generic uncertainty are crowded.,Actuator asymmetry policy state keeps action-critical alternatives explicit until a physical observation collapses them.
17,doi:10.3390/math6060104,Forecast-Triggered Model Predictive Control of Constrained Nonlinear Processes with Control Actuator Faults,2018,Mathematics,https://doi.org/10.3390/math6060104,Addresses robot adaptation and control or a neighboring robotics mechanism.,"Prior work usually predicts, ranks, filters, or imitates observed behavior rather than preserving unrealized branches.",The observed outcome is enough to supervise the model.,"Contact mode support, embodiment limits, and deployment perturbations.","Branch collapse, hidden-mode shift, and tail-risk planning failures.",Generic world models and generic uncertainty are crowded.,Actuator asymmetry policy state keeps action-critical alternatives explicit until a physical observation collapses them.
18,doi:10.18196/jrc.v3i2.14236,Improved Third Order PID Sliding Mode Controller for Electrohydraulic Actuator Tracking Control,2022,Journal of Robotics and Control (JRC),https://doi.org/10.18196/jrc.v3i2.14236,Addresses robot adaptation and control or a neighboring robotics mechanism.,"Prior work usually predicts, ranks, filters, or imitates observed behavior rather than preserving unrealized branches.",The observed outcome is enough to supervise the model.,"Contact mode support, embodiment limits, and deployment perturbations.","Branch collapse, hidden-mode shift, and tail-risk planning failures.",Generic world models and generic uncertainty are crowded.,Actuator asymmetry policy state keeps action-critical alternatives explicit until a physical observation collapses them.
19,arxiv:2508.13475v1,System-Level Performance and Communication Tradeoff in Networked Control with Predictions,2025,arXiv,http://arxiv.org/abs/2508.13475v1,Addresses robot adaptation and control or a neighboring robotics mechanism.,"Prior work usually predicts, ranks, filters, or imitates observed behavior rather than preserving unrealized branches.",The observed outcome is enough to supervise the model.,"Contact mode support, embodiment limits, and deployment perturbations.","Branch collapse, hidden-mode shift, and tail-risk planning failures.",Generic world models and generic uncertainty are crowded.,Actuator asymmetry policy state keeps action-critical alternatives explicit until a physical observation collapses them.
20,doi:10.1109/tro.2025.3566198,Model Predictive Inferential Control of Neural State-Space Models for Autonomous Vehicle Motion Planning,2025,IEEE Transactions on Robotics,https://doi.org/10.1109/tro.2025.3566198,Addresses robot adaptation and control or a neighboring robotics mechanism.,"Prior work usually predicts, ranks, filters, or imitates observed behavior rather than preserving unrealized branches.",The observed outcome is enough to supervise the model.,"Contact mode support, embodiment limits, and deployment perturbations.","Branch collapse, hidden-mode shift, and tail-risk planning failures.",Generic world models and generic uncertainty are crowded.,Actuator asymmetry policy state keeps action-critical alternatives explicit until a physical observation collapses them.
21,doi:10.1002/rob.70009,Tracking Control and Experiment for Propeller‐Driven Wall‐Climbing Robot Considering Actuator Dynamics and Saturation,2025,Journal of Field Robotics,https://doi.org/10.1002/rob.70009,Addresses robot adaptation and control or a neighboring robotics mechanism.,"Prior work usually predicts, ranks, filters, or imitates observed behavior rather than preserving unrealized branches.",The observed outcome is enough to supervise the model.,"Contact mode support, embodiment limits, and deployment perturbations.","Branch collapse, hidden-mode shift, and tail-risk planning failures.",Generic world models and generic uncertainty are crowded.,Actuator asymmetry policy state keeps action-critical alternatives explicit until a physical observation collapses them.
22,doi:10.1089/soro.2022.0131,Safe Supervisory Control of Soft Robot Actuators,2024,Soft Robotics,https://doi.org/10.1089/soro.2022.0131,Addresses robot adaptation and control or a neighboring robotics mechanism.,"Prior work usually predicts, ranks, filters, or imitates observed behavior rather than preserving unrealized branches.",The observed outcome is enough to supervise the model.,"Contact mode support, embodiment limits, and deployment perturbations.","Branch collapse, hidden-mode shift, and tail-risk planning failures.",Generic world models and generic uncertainty are crowded.,Actuator asymmetry policy state keeps action-critical alternatives explicit until a physical observation collapses them.
23,doi:10.21203/rs.3.rs-224694/v1,Event-triggered model predictive control of positive systems with random actuator saturation,,,https://doi.org/10.21203/rs.3.rs-224694/v1,Addresses robot adaptation and control or a neighboring robotics mechanism.,"Prior work usually predicts, ranks, filters, or imitates observed behavior rather than preserving unrealized branches.",The observed outcome is enough to supervise the model.,"Contact mode support, embodiment limits, and deployment perturbations.","Branch collapse, hidden-mode shift, and tail-risk planning failures.",Generic world models and generic uncertainty are crowded.,Actuator asymmetry policy state keeps action-critical alternatives explicit until a physical observation collapses them.
24,doi:10.1177/09544100261455960,Natural language control of UAVs using large language models with robust semantic interpretation and logic-guided task planning,2026,"Proceedings of the Institution of Mechanical Engineers, Part G: Journal of Aerospace Engineering",https://doi.org/10.1177/09544100261455960,Addresses robot adaptation and control or a neighboring robotics mechanism.,"Prior work usually predicts, ranks, filters, or imitates observed behavior rather than preserving unrealized branches.",The observed outcome is enough to supervise the model.,"Contact mode support, embodiment limits, and deployment perturbations.","Branch collapse, hidden-mode shift, and tail-risk planning failures.",Generic world models and generic uncertainty are crowded.,Actuator asymmetry policy state keeps action-critical alternatives explicit until a physical observation collapses them.
25,doi:10.1002/rnc.5688,Nonlinear learning‐based model predictive control supporting state and input dependent model uncertainty estimates,2021,International Journal of Robust and Nonlinear Control,https://doi.org/10.1002/rnc.5688,Addresses robot adaptation and control or a neighboring robotics mechanism.,"Prior work usually predicts, ranks, filters, or imitates observed behavior rather than preserving unrealized branches.",The observed outcome is enough to supervise the model.,"Contact mode support, embodiment limits, and deployment perturbations.","Branch collapse, hidden-mode shift, and tail-risk planning failures.",Generic world models and generic uncertainty are crowded.,Actuator asymmetry policy state keeps action-critical alternatives explicit until a physical observation collapses them.
26,doi:10.1142/s2737480721400069,Fault-Tolerant Model Predictive Control of a Fixed-Wing UAV with Actuator Fault Estimation,2021,"Guidance, Navigation and Control",https://doi.org/10.1142/s2737480721400069,Addresses robot adaptation and control or a neighboring robotics mechanism.,"Prior work usually predicts, ranks, filters, or imitates observed behavior rather than preserving unrealized branches.",The observed outcome is enough to supervise the model.,"Contact mode support, embodiment limits, and deployment perturbations.","Branch collapse, hidden-mode shift, and tail-risk planning failures.",Generic world models and generic uncertainty are crowded.,Actuator asymmetry policy state keeps action-critical alternatives explicit until a physical observation collapses them.
27,doi:10.1115/gt2004-53780,Model Adaptation and Nonlinear Model Predictive Control of an Aircraft Engine,2004,Volume 2: Turbo Expo 2004,https://doi.org/10.1115/gt2004-53780,Addresses robot adaptation and control or a neighboring robotics mechanism.,"Prior work usually predicts, ranks, filters, or imitates observed behavior rather than preserving unrealized branches.",The observed outcome is enough to supervise the model.,"Contact mode support, embodiment limits, and deployment perturbations.","Branch collapse, hidden-mode shift, and tail-risk planning failures.",Generic world models and generic uncertainty are crowded.,Actuator asymmetry policy state keeps action-critical alternatives explicit until a physical observation collapses them.
28,doi:10.1049/csy2.12121,Anti‐sloshing control: Flatness‐based trajectory planning and tracking control with an integrated extended state observer,2024,IET Cyber-Systems and Robotics,https://doi.org/10.1049/csy2.12121,Addresses robot adaptation and control or a neighboring robotics mechanism.,"Prior work usually predicts, ranks, filters, or imitates observed behavior rather than preserving unrealized branches.",The observed outcome is enough to supervise the model.,"Contact mode support, embodiment limits, and deployment perturbations.","Branch collapse, hidden-mode shift, and tail-risk planning failures.",Generic world models and generic uncertainty are crowded.,Actuator asymmetry policy state keeps action-critical alternatives explicit until a physical observation collapses them.
29,doi:10.1609/aaai.v40i47.41466,Generative AI Against Poaching: Latent Composite Flow Matching for Poaching Prediction,2026,Proceedings of the AAAI Conference on Artificial Intelligence,https://doi.org/10.1609/aaai.v40i47.41466,Addresses robot adaptation and control or a neighboring robotics mechanism.,"Prior work usually predicts, ranks, filters, or imitates observed behavior rather than preserving unrealized branches.",The observed outcome is enough to supervise the model.,"Contact mode support, embodiment limits, and deployment perturbations.","Branch collapse, hidden-mode shift, and tail-risk planning failures.",Generic world models and generic uncertainty are crowded.,Actuator asymmetry policy state keeps action-critical alternatives explicit until a physical observation collapses them.
30,doi:10.3390/app11146621,Echo State Network Based Model Predictive Control for Active Vibration Control of Hybrid Electric Vehicle Powertrains,2021,Applied Sciences,https://doi.org/10.3390/app11146621,Addresses robot adaptation and control or a neighboring robotics mechanism.,"Prior work usually predicts, ranks, filters, or imitates observed behavior rather than preserving unrealized branches.",The observed outcome is enough to supervise the model.,"Contact mode support, embodiment limits, and deployment perturbations.","Branch collapse, hidden-mode shift, and tail-risk planning failures.",Generic world models and generic uncertainty are crowded.,Actuator asymmetry policy state keeps action-critical alternatives explicit until a physical observation collapses them.
31,doi:10.35378/gujs.1504962,Advanced Leader-Follower Control Strategies: Integrating Adaptation Laws with Model Predictive Control,2025,Gazi University Journal of Science,https://doi.org/10.35378/gujs.1504962,Addresses robot adaptation and control or a neighboring robotics mechanism.,"Prior work usually predicts, ranks, filters, or imitates observed behavior rather than preserving unrealized branches.",The observed outcome is enough to supervise the model.,"Contact mode support, embodiment limits, and deployment perturbations.","Branch collapse, hidden-mode shift, and tail-risk planning failures.",Generic world models and generic uncertainty are crowded.,Actuator asymmetry policy state keeps action-critical alternatives explicit until a physical observation collapses them.
32,doi:10.55463/issn.1674-2974.52.5.15,"Advancing Robust Control: A Comparative Study of Model-Based, Data-Driven and Learning-Enhanced Predictive Strategies",2025,Journal of Hunan University Natural Sciences,https://doi.org/10.55463/issn.1674-2974.52.5.15,Addresses robot adaptation and control or a neighboring robotics mechanism.,"Prior work usually predicts, ranks, filters, or imitates observed behavior rather than preserving unrealized branches.",The observed outcome is enough to supervise the model.,"Contact mode support, embodiment limits, and deployment perturbations.","Branch collapse, hidden-mode shift, and tail-risk planning failures.",Generic world models and generic uncertainty are crowded.,Actuator asymmetry policy state keeps action-critical alternatives explicit until a physical observation collapses them.
33,doi:10.1109/tnnls.2021.3051946,Adaptive Neural Network Control for Full-State Constrained Robotic Manipulator With Actuator Saturation and Time-Varying Delays,2021,IEEE Transactions on Neural Networks and Learning Systems,https://doi.org/10.1109/tnnls.2021.3051946,Addresses robot adaptation and control or a neighboring robotics mechanism.,"Prior work usually predicts, ranks, filters, or imitates observed behavior rather than preserving unrealized branches.",The observed outcome is enough to supervise the model.,"Contact mode support, embodiment limits, and deployment perturbations.","Branch collapse, hidden-mode shift, and tail-risk planning failures.",Generic world models and generic uncertainty are crowded.,Actuator asymmetry policy state keeps action-critical alternatives explicit until a physical observation collapses them.
34,doi:10.1177/0142331218786534,Barrier Lyapunov functions-based localized adaptive neural control for nonlinear systems with state and asymmetric control constraints,2019,Transactions of the Institute of Measurement and Control,https://doi.org/10.1177/0142331218786534,Addresses robot adaptation and control or a neighboring robotics mechanism.,"Prior work usually predicts, ranks, filters, or imitates observed behavior rather than preserving unrealized branches.",The observed outcome is enough to supervise the model.,"Contact mode support, embodiment limits, and deployment perturbations.","Branch collapse, hidden-mode shift, and tail-risk planning failures.",Generic world models and generic uncertainty are crowded.,Actuator asymmetry policy state keeps action-critical alternatives explicit until a physical observation collapses them.
35,doi:10.2514/6.2012-2806,Slat Noise Feedback Control with a Dielectric Barrier Discharge Plasma Actuator,2012,6th AIAA Flow Control Conference,https://doi.org/10.2514/6.2012-2806,Addresses robot adaptation and control or a neighboring robotics mechanism.,"Prior work usually predicts, ranks, filters, or imitates observed behavior rather than preserving unrealized branches.",The observed outcome is enough to supervise the model.,"Contact mode support, embodiment limits, and deployment perturbations.","Branch collapse, hidden-mode shift, and tail-risk planning failures.",Generic world models and generic uncertainty are crowded.,Actuator asymmetry policy state keeps action-critical alternatives explicit until a physical observation collapses them.
36,doi:10.3390/mi13091490,Interval Type-3 Fuzzy Adaptation of the Bee Colony Optimization Algorithm for Optimal Fuzzy Control of an Autonomous Mobile Robot,2022,Micromachines,https://doi.org/10.3390/mi13091490,Addresses robot adaptation and control or a neighboring robotics mechanism.,"Prior work usually predicts, ranks, filters, or imitates observed behavior rather than preserving unrealized branches.",The observed outcome is enough to supervise the model.,"Contact mode support, embodiment limits, and deployment perturbations.","Branch collapse, hidden-mode shift, and tail-risk planning failures.",Generic world models and generic uncertainty are crowded.,Actuator asymmetry policy state keeps action-critical alternatives explicit until a physical observation collapses them.
37,doi:10.1146/annurev-control-042920-101825,"Noise in Biomolecular Systems: Modeling, Analysis, and Control Implications",2023,"Annual Review of Control, Robotics, and Autonomous Systems",https://doi.org/10.1146/annurev-control-042920-101825,Addresses robot adaptation and control or a neighboring robotics mechanism.,"Prior work usually predicts, ranks, filters, or imitates observed behavior rather than preserving unrealized branches.",The observed outcome is enough to supervise the model.,"Contact mode support, embodiment limits, and deployment perturbations.","Branch collapse, hidden-mode shift, and tail-risk planning failures.",Generic world models and generic uncertainty are crowded.,Actuator asymmetry policy state keeps action-critical alternatives explicit until a physical observation collapses them.
38,doi:10.3390/math9121327,Distributed State Estimation Based Distributed Model Predictive Control,2021,Mathematics,https://doi.org/10.3390/math9121327,Addresses robot adaptation and control or a neighboring robotics mechanism.,"Prior work usually predicts, ranks, filters, or imitates observed behavior rather than preserving unrealized branches.",The observed outcome is enough to supervise the model.,"Contact mode support, embodiment limits, and deployment perturbations.","Branch collapse, hidden-mode shift, and tail-risk planning failures.",Generic world models and generic uncertainty are crowded.,Actuator asymmetry policy state keeps action-critical alternatives explicit until a physical observation collapses them.
39,doi:10.3390/machines11090904,Design of Backstepping Sliding Mode Control for a Polishing Robot Pneumatic System Based on the Extended State Observer,2023,Machines,https://doi.org/10.3390/machines11090904,Addresses robot adaptation and control or a neighboring robotics mechanism.,"Prior work usually predicts, ranks, filters, or imitates observed behavior rather than preserving unrealized branches.",The observed outcome is enough to supervise the model.,"Contact mode support, embodiment limits, and deployment perturbations.","Branch collapse, hidden-mode shift, and tail-risk planning failures.",Generic world models and generic uncertainty are crowded.,Actuator asymmetry policy state keeps action-critical alternatives explicit until a physical observation collapses them.
40,arxiv:2211.15522v3,Zero-Order Optimization for Gaussian Process-based Model Predictive Control,2022,arXiv,http://arxiv.org/abs/2211.15522v3,Addresses robot adaptation and control or a neighboring robotics mechanism.,"Prior work usually predicts, ranks, filters, or imitates observed behavior rather than preserving unrealized branches.",The observed outcome is enough to supervise the model.,"Contact mode support, embodiment limits, and deployment perturbations.","Branch collapse, hidden-mode shift, and tail-risk planning failures.",Generic world models and generic uncertainty are crowded.,Actuator asymmetry policy state keeps action-critical alternatives explicit until a physical observation collapses them.
41,doi:10.1155/2010/581840,Prediction Control for Brachytherapy Robotic System,2010,Journal of Robotics,https://doi.org/10.1155/2010/581840,Addresses robot adaptation and control or a neighboring robotics mechanism.,"Prior work usually predicts, ranks, filters, or imitates observed behavior rather than preserving unrealized branches.",The observed outcome is enough to supervise the model.,"Contact mode support, embodiment limits, and deployment perturbations.","Branch collapse, hidden-mode shift, and tail-risk planning failures.",Generic world models and generic uncertainty are crowded.,Actuator asymmetry policy state keeps action-critical alternatives explicit until a physical observation collapses them.
42,arxiv:1812.03399v1,Efficient transfer learning and online adaptation with latent variable models for continuous control,2018,arXiv,http://arxiv.org/abs/1812.03399v1,Addresses robot adaptation and control or a neighboring robotics mechanism.,"Prior work usually predicts, ranks, filters, or imitates observed behavior rather than preserving unrealized branches.",The observed outcome is enough to supervise the model.,"Contact mode support, embodiment limits, and deployment perturbations.","Branch collapse, hidden-mode shift, and tail-risk planning failures.",Generic world models and generic uncertainty are crowded.,Actuator asymmetry policy state keeps action-critical alternatives explicit until a physical observation collapses them.
43,doi:10.3390/act11100292,Linear Parameter-Varying Model Predictive Control for Hydraulic Wind Turbine,2022,Actuators,https://doi.org/10.3390/act11100292,Addresses robot adaptation and control or a neighboring robotics mechanism.,"Prior work usually predicts, ranks, filters, or imitates observed behavior rather than preserving unrealized branches.",The observed outcome is enough to supervise the model.,"Contact mode support, embodiment limits, and deployment perturbations.","Branch collapse, hidden-mode shift, and tail-risk planning failures.",Generic world models and generic uncertainty are crowded.,Actuator asymmetry policy state keeps action-critical alternatives explicit until a physical observation collapses them.
44,doi:10.1002/oca.3097,Method for solving state‐path constrained optimal control problems using adaptive Radau collocation,2024,Optimal Control Applications and Methods,https://doi.org/10.1002/oca.3097,Addresses robot adaptation and control or a neighboring robotics mechanism.,"Prior work usually predicts, ranks, filters, or imitates observed behavior rather than preserving unrealized branches.",The observed outcome is enough to supervise the model.,"Contact mode support, embodiment limits, and deployment perturbations.","Branch collapse, hidden-mode shift, and tail-risk planning failures.",Generic world models and generic uncertainty are crowded.,Actuator asymmetry policy state keeps action-critical alternatives explicit until a physical observation collapses them.
45,doi:10.1002/asjc.2444,Robust fault tolerant optimal predictive control of hybrid actuators with time‐varying delay for industrial robot arm,2022,Asian Journal of Control,https://doi.org/10.1002/asjc.2444,Addresses robot adaptation and control or a neighboring robotics mechanism.,"Prior work usually predicts, ranks, filters, or imitates observed behavior rather than preserving unrealized branches.",The observed outcome is enough to supervise the model.,"Contact mode support, embodiment limits, and deployment perturbations.","Branch collapse, hidden-mode shift, and tail-risk planning failures.",Generic world models and generic uncertainty are crowded.,Actuator asymmetry policy state keeps action-critical alternatives explicit until a physical observation collapses them.
46,doi:10.1177/00202940221117099,Model predictive control for ARMAX processes with additive outlier noise,2022,Measurement and Control,https://doi.org/10.1177/00202940221117099,Addresses robot adaptation and control or a neighboring robotics mechanism.,"Prior work usually predicts, ranks, filters, or imitates observed behavior rather than preserving unrealized branches.",The observed outcome is enough to supervise the model.,"Contact mode support, embodiment limits, and deployment perturbations.","Branch collapse, hidden-mode shift, and tail-risk planning failures.",Generic world models and generic uncertainty are crowded.,Actuator asymmetry policy state keeps action-critical alternatives explicit until a physical observation collapses them.
47,doi:10.18196/jrc.v3i4.15667,Robust Flux and Speed State Observer Design for Sensorless Control of a Double Star Induction Motor,2022,Journal of Robotics and Control (JRC),https://doi.org/10.18196/jrc.v3i4.15667,Addresses robot adaptation and control or a neighboring robotics mechanism.,"Prior work usually predicts, ranks, filters, or imitates observed behavior rather than preserving unrealized branches.",The observed outcome is enough to supervise the model.,"Contact mode support, embodiment limits, and deployment perturbations.","Branch collapse, hidden-mode shift, and tail-risk planning failures.",Generic world models and generic uncertainty are crowded.,Actuator asymmetry policy state keeps action-critical alternatives explicit until a physical observation collapses them.
48,doi:10.1002/oca.70069,On Temporal Decomposition for Parallel Solution of Equality Constrained Optimal Control Problems,2026,Optimal Control Applications and Methods,https://doi.org/10.1002/oca.70069,Addresses robot adaptation and control or a neighboring robotics mechanism.,"Prior work usually predicts, ranks, filters, or imitates observed behavior rather than preserving unrealized branches.",The observed outcome is enough to supervise the model.,"Contact mode support, embodiment limits, and deployment perturbations.","Branch collapse, hidden-mode shift, and tail-risk planning failures.",Generic world models and generic uncertainty are crowded.,Actuator asymmetry policy state keeps action-critical alternatives explicit until a physical observation collapses them.
49,doi:10.1038/s41598-023-27756-4,Circular active noise barrier using theoretical control filter considering interaction between speaker and barrier,2023,Scientific Reports,https://doi.org/10.1038/s41598-023-27756-4,Addresses robot adaptation and control or a neighboring robotics mechanism.,"Prior work usually predicts, ranks, filters, or imitates observed behavior rather than preserving unrealized branches.",The observed outcome is enough to supervise the model.,"Contact mode support, embodiment limits, and deployment perturbations.","Branch collapse, hidden-mode shift, and tail-risk planning failures.",Generic world models and generic uncertainty are crowded.,Actuator asymmetry policy state keeps action-critical alternatives explicit until a physical observation collapses them.
50,doi:10.1101/2020.01.22.914473,Did we get sensorimotor adaptation wrong? Implicit adaptation as direct policy updating rather than forward-model-based learning,,,https://doi.org/10.1101/2020.01.22.914473,Addresses robot adaptation and control or a neighboring robotics mechanism.,"Prior work usually predicts, ranks, filters, or imitates observed behavior rather than preserving unrealized branches.",The observed outcome is enough to supervise the model.,"Contact mode support, embodiment limits, and deployment perturbations.","Branch collapse, hidden-mode shift, and tail-risk planning failures.",Generic world models and generic uncertainty are crowded.,Actuator asymmetry policy state keeps action-critical alternatives explicit until a physical observation collapses them.
51,doi:10.1002/rob.22566,Cascaded Extended‐State‐Observer‐Based Synergetic Control for Quadcopter Translational Dynamics,2025,Journal of Field Robotics,https://doi.org/10.1002/rob.22566,Addresses robot adaptation and control or a neighboring robotics mechanism.,"Prior work usually predicts, ranks, filters, or imitates observed behavior rather than preserving unrealized branches.",The observed outcome is enough to supervise the model.,"Contact mode support, embodiment limits, and deployment perturbations.","Branch collapse, hidden-mode shift, and tail-risk planning failures.",Generic world models and generic uncertainty are crowded.,Actuator asymmetry policy state keeps action-critical alternatives explicit until a physical observation collapses them.
52,doi:10.1115/1.4005370,Probabilistic Control for Uncertain Systems,2018,arXiv,http://arxiv.org/abs/1801.02074v1,Addresses robot adaptation and control or a neighboring robotics mechanism.,"Prior work usually predicts, ranks, filters, or imitates observed behavior rather than preserving unrealized branches.",The observed outcome is enough to supervise the model.,"Contact mode support, embodiment limits, and deployment perturbations.","Branch collapse, hidden-mode shift, and tail-risk planning failures.",Generic world models and generic uncertainty are crowded.,Actuator asymmetry policy state keeps action-critical alternatives explicit until a physical observation collapses them.
53,doi:10.1115/imece2021-69100,Experimental Verification of Model-Free Vibration Control Technique Based on a Virtual Controlled Object Considering Actuator Parameter Uncertainty,2021,"Volume 7A: Dynamics, Vibration, and Control",https://doi.org/10.1115/imece2021-69100,Addresses robot adaptation and control or a neighboring robotics mechanism.,"Prior work usually predicts, ranks, filters, or imitates observed behavior rather than preserving unrealized branches.",The observed outcome is enough to supervise the model.,"Contact mode support, embodiment limits, and deployment perturbations.","Branch collapse, hidden-mode shift, and tail-risk planning failures.",Generic world models and generic uncertainty are crowded.,Actuator asymmetry policy state keeps action-critical alternatives explicit until a physical observation collapses them.
54,doi:10.3390/robotics14080101,Control Strategies for Two-Wheeled Self-Balancing Robotic Systems: A Comprehensive Review,2025,Robotics,https://doi.org/10.3390/robotics14080101,Addresses robot adaptation and control or a neighboring robotics mechanism.,"Prior work usually predicts, ranks, filters, or imitates observed behavior rather than preserving unrealized branches.",The observed outcome is enough to supervise the model.,"Contact mode support, embodiment limits, and deployment perturbations.","Branch collapse, hidden-mode shift, and tail-risk planning failures.",Generic world models and generic uncertainty are crowded.,Actuator asymmetry policy state keeps action-critical alternatives explicit until a physical observation collapses them.
55,doi:10.31763/ijrcs.v6i1.2349,Comparative Analysis of Intelligent PID Tuning Methods for Position Tracking in Mismatched Electro-Hydraulic Actuator,2026,International Journal of Robotics and Control Systems,https://doi.org/10.31763/ijrcs.v6i1.2349,Addresses robot adaptation and control or a neighboring robotics mechanism.,"Prior work usually predicts, ranks, filters, or imitates observed behavior rather than preserving unrealized branches.",The observed outcome is enough to supervise the model.,"Contact mode support, embodiment limits, and deployment perturbations.","Branch collapse, hidden-mode shift, and tail-risk planning failures.",Generic world models and generic uncertainty are crowded.,Actuator asymmetry policy state keeps action-critical alternatives explicit until a physical observation collapses them.
56,doi:10.62311/nesx/rpj3-30062026,"Neuromorphic Quantum Mechatronics for Soft Robotics, Assistive Gerontechnology, and Human–Machine Cognitive Adaptation",2026,International Journal of Academic and Industrial Research Innovations(IJAIRI),https://doi.org/10.62311/nesx/rpj3-30062026,Addresses robot adaptation and control or a neighboring robotics mechanism.,"Prior work usually predicts, ranks, filters, or imitates observed behavior rather than preserving unrealized branches.",The observed outcome is enough to supervise the model.,"Contact mode support, embodiment limits, and deployment perturbations.","Branch collapse, hidden-mode shift, and tail-risk planning failures.",Generic world models and generic uncertainty are crowded.,Actuator asymmetry policy state keeps action-critical alternatives explicit until a physical observation collapses them.
57,doi:10.1177/0278364920944474,Scaling simulation-to-real transfer by learning a latent space of robot skills,2020,The International Journal of Robotics Research,https://doi.org/10.1177/0278364920944474,Addresses robot adaptation and control or a neighboring robotics mechanism.,"Prior work usually predicts, ranks, filters, or imitates observed behavior rather than preserving unrealized branches.",The observed outcome is enough to supervise the model.,"Contact mode support, embodiment limits, and deployment perturbations.","Branch collapse, hidden-mode shift, and tail-risk planning failures.",Generic world models and generic uncertainty are crowded.,Actuator asymmetry policy state keeps action-critical alternatives explicit until a physical observation collapses them.
58,doi:10.21203/rs.3.rs-9821556/v1,State-Dependent Model Predictive Control for Nonlinear Vehicle Dynamics with Implicit State-Derivative Coupling and Actuator Dynamics,,,https://doi.org/10.21203/rs.3.rs-9821556/v1,Addresses robot adaptation and control or a neighboring robotics mechanism.,"Prior work usually predicts, ranks, filters, or imitates observed behavior rather than preserving unrealized branches.",The observed outcome is enough to supervise the model.,"Contact mode support, embodiment limits, and deployment perturbations.","Branch collapse, hidden-mode shift, and tail-risk planning failures.",Generic world models and generic uncertainty are crowded.,Actuator asymmetry policy state keeps action-critical alternatives explicit until a physical observation collapses them.
59,doi:10.21203/rs.3.rs-9082476/v1,Systematic evaluation of single-cell foundation model interpretability reveals attention captures co-expression rather than unique regulatory signal,,,https://doi.org/10.21203/rs.3.rs-9082476/v1,Addresses robot adaptation and control or a neighboring robotics mechanism.,"Prior work usually predicts, ranks, filters, or imitates observed behavior rather than preserving unrealized branches.",The observed outcome is enough to supervise the model.,"Contact mode support, embodiment limits, and deployment perturbations.","Branch collapse, hidden-mode shift, and tail-risk planning failures.",Generic world models and generic uncertainty are crowded.,Actuator asymmetry policy state keeps action-critical alternatives explicit until a physical observation collapses them.
60,doi:10.11591/eei.v14i4.9487,Adaptive fuzzy sliding-mode control for robot manipulator with uncertain model and external disturbance,2025,Bulletin of Electrical Engineering and Informatics,https://doi.org/10.11591/eei.v14i4.9487,Addresses robot adaptation and control or a neighboring robotics mechanism.,"Prior work usually predicts, ranks, filters, or imitates observed behavior rather than preserving unrealized branches.",The observed outcome is enough to supervise the model.,"Contact mode support, embodiment limits, and deployment perturbations.","Branch collapse, hidden-mode shift, and tail-risk planning failures.",Generic world models and generic uncertainty are crowded.,Actuator asymmetry policy state keeps action-critical alternatives explicit until a physical observation collapses them.
61,doi:10.18196/jrc.v4i2.17757,Adaptive P Control and Adaptive Fuzzy Logic Controller with Expert System Implementation for Robotic Manipulator Application,2023,Journal of Robotics and Control (JRC),https://doi.org/10.18196/jrc.v4i2.17757,Addresses robot adaptation and control or a neighboring robotics mechanism.,"Prior work usually predicts, ranks, filters, or imitates observed behavior rather than preserving unrealized branches.",The observed outcome is enough to supervise the model.,"Contact mode support, embodiment limits, and deployment perturbations.","Branch collapse, hidden-mode shift, and tail-risk planning failures.",Generic world models and generic uncertainty are crowded.,Actuator asymmetry policy state keeps action-critical alternatives explicit until a physical observation collapses them.
62,doi:10.1115/dscc2013-3974,An Iterative Learning Controller for High Precision Calibration of an Inertial Measurement Unit Using a Piezoelectric Platform,2013,"Volume 3: Nonlinear Estimation and Control; Optimization and Optimal Control; Piezoelectric Actuation and Nanoscale Control; Robotics and Manipulators; Sensing; System Identification (Estimation for Automotive Applications, Modeling, Therapeutic Control in Bio-Systems); Variable Structure/Sliding-Mode Control; Vehicles and Human Robotics; Vehicle Dynamics and Control; Vehicle Path Planning and Collision Avoidance; Vibrational and Mechanical Systems; Wind Energy Systems and Control",https://doi.org/10.1115/dscc2013-3974,Addresses robot adaptation and control or a neighboring robotics mechanism.,"Prior work usually predicts, ranks, filters, or imitates observed behavior rather than preserving unrealized branches.",The observed outcome is enough to supervise the model.,"Contact mode support, embodiment limits, and deployment perturbations.","Branch collapse, hidden-mode shift, and tail-risk planning failures.",Generic world models and generic uncertainty are crowded.,Actuator asymmetry policy state keeps action-critical alternatives explicit until a physical observation collapses them.
63,doi:10.1002/asjc.3594,Learning estimator‐based fault‐tolerant control for robot manipulators with partial loss of actuator effectiveness,2025,Asian Journal of Control,https://doi.org/10.1002/asjc.3594,Addresses robot adaptation and control or a neighboring robotics mechanism.,"Prior work usually predicts, ranks, filters, or imitates observed behavior rather than preserving unrealized branches.",The observed outcome is enough to supervise the model.,"Contact mode support, embodiment limits, and deployment perturbations.","Branch collapse, hidden-mode shift, and tail-risk planning failures.",Generic world models and generic uncertainty are crowded.,Actuator asymmetry policy state keeps action-critical alternatives explicit until a physical observation collapses them.
64,doi:10.1007/s11768-023-00174-7,Sliding mode-based adaptive tube model predictive control for robotic manipulators with model uncertainty and state constraints,2023,Control Theory and Technology,https://doi.org/10.1007/s11768-023-00174-7,Addresses robot adaptation and control or a neighboring robotics mechanism.,"Prior work usually predicts, ranks, filters, or imitates observed behavior rather than preserving unrealized branches.",The observed outcome is enough to supervise the model.,"Contact mode support, embodiment limits, and deployment perturbations.","Branch collapse, hidden-mode shift, and tail-risk planning failures.",Generic world models and generic uncertainty are crowded.,Actuator asymmetry policy state keeps action-critical alternatives explicit until a physical observation collapses them.
65,doi:10.1109/tie.2019.2958283,Cascaded-Extended-State-Observer-Based Sliding-Mode Control for Underactuated Flexible Joint Robot,2019,IEEE Transactions on Industrial Electronics,https://doi.org/10.1109/tie.2019.2958283,Addresses robot adaptation and control or a neighboring robotics mechanism.,"Prior work usually predicts, ranks, filters, or imitates observed behavior rather than preserving unrealized branches.",The observed outcome is enough to supervise the model.,"Contact mode support, embodiment limits, and deployment perturbations.","Branch collapse, hidden-mode shift, and tail-risk planning failures.",Generic world models and generic uncertainty are crowded.,Actuator asymmetry policy state keeps action-critical alternatives explicit until a physical observation collapses them.
66,doi:10.1002/oca.2134,An interior penalty method for optimal control problems with state and input constraints of nonlinear systems,2016,Optimal Control Applications and Methods,https://doi.org/10.1002/oca.2134,Addresses robot adaptation and control or a neighboring robotics mechanism.,"Prior work usually predicts, ranks, filters, or imitates observed behavior rather than preserving unrealized branches.",The observed outcome is enough to supervise the model.,"Contact mode support, embodiment limits, and deployment perturbations.","Branch collapse, hidden-mode shift, and tail-risk planning failures.",Generic world models and generic uncertainty are crowded.,Actuator asymmetry policy state keeps action-critical alternatives explicit until a physical observation collapses them.
67,arxiv:2509.15876v1,High-Bandwidth Tactile-Reactive Control for Grasp Adjustment,2025,arXiv,http://arxiv.org/abs/2509.15876v1,Addresses robot adaptation and control or a neighboring robotics mechanism.,"Prior work usually predicts, ranks, filters, or imitates observed behavior rather than preserving unrealized branches.",The observed outcome is enough to supervise the model.,"Contact mode support, embodiment limits, and deployment perturbations.","Branch collapse, hidden-mode shift, and tail-risk planning failures.",Generic world models and generic uncertainty are crowded.,Actuator asymmetry policy state keeps action-critical alternatives explicit until a physical observation collapses them.
68,doi:10.1016/j.robot.2019.103366,Vision-based magnetic actuator positioning for wireless control of microrobots,2020,Robotics and Autonomous Systems,https://doi.org/10.1016/j.robot.2019.103366,Addresses robot adaptation and control or a neighboring robotics mechanism.,"Prior work usually predicts, ranks, filters, or imitates observed behavior rather than preserving unrealized branches.",The observed outcome is enough to supervise the model.,"Contact mode support, embodiment limits, and deployment perturbations.","Branch collapse, hidden-mode shift, and tail-risk planning failures.",Generic world models and generic uncertainty are crowded.,Actuator asymmetry policy state keeps action-critical alternatives explicit until a physical observation collapses them.
69,doi:10.1109/tcst.2020.3009636,Learning Terrain Dynamics: A Gaussian Process Modeling and Optimal Control Adaptation Framework Applied to Robotic Jumping,2020,IEEE Transactions on Control Systems Technology,https://doi.org/10.1109/tcst.2020.3009636,Addresses robot adaptation and control or a neighboring robotics mechanism.,"Prior work usually predicts, ranks, filters, or imitates observed behavior rather than preserving unrealized branches.",The observed outcome is enough to supervise the model.,"Contact mode support, embodiment limits, and deployment perturbations.","Branch collapse, hidden-mode shift, and tail-risk planning failures.",Generic world models and generic uncertainty are crowded.,Actuator asymmetry policy state keeps action-critical alternatives explicit until a physical observation collapses them.
70,doi:10.1016/j.ifacol.2018.11.052,Learning-Based Robust Model Predictive Control with State-Dependent Uncertainty,2018,IFAC-PapersOnLine,https://doi.org/10.1016/j.ifacol.2018.11.052,Addresses robot adaptation and control or a neighboring robotics mechanism.,"Prior work usually predicts, ranks, filters, or imitates observed behavior rather than preserving unrealized branches.",The observed outcome is enough to supervise the model.,"Contact mode support, embodiment limits, and deployment perturbations.","Branch collapse, hidden-mode shift, and tail-risk planning failures.",Generic world models and generic uncertainty are crowded.,Actuator asymmetry policy state keeps action-critical alternatives explicit until a physical observation collapses them.
71,doi:10.1115/1.4071370,Control Barrier Functions for State of Power Estimation in Lithium-Ion Battery Management,2026,"Journal of Dynamic Systems, Measurement, and Control",https://doi.org/10.1115/1.4071370,Addresses robot adaptation and control or a neighboring robotics mechanism.,"Prior work usually predicts, ranks, filters, or imitates observed behavior rather than preserving unrealized branches.",The observed outcome is enough to supervise the model.,"Contact mode support, embodiment limits, and deployment perturbations.","Branch collapse, hidden-mode shift, and tail-risk planning failures.",Generic world models and generic uncertainty are crowded.,Actuator asymmetry policy state keeps action-critical alternatives explicit until a physical observation collapses them.
72,doi:10.1142/s2301385027500270,A Distributed Learning Model Predictive Control Scheme for Linear Systems with Coupled Constraints and Communication Noise,2025,Unmanned Systems,https://doi.org/10.1142/s2301385027500270,Addresses robot adaptation and control or a neighboring robotics mechanism.,"Prior work usually predicts, ranks, filters, or imitates observed behavior rather than preserving unrealized branches.",The observed outcome is enough to supervise the model.,"Contact mode support, embodiment limits, and deployment perturbations.","Branch collapse, hidden-mode shift, and tail-risk planning failures.",Generic world models and generic uncertainty are crowded.,Actuator asymmetry policy state keeps action-critical alternatives explicit until a physical observation collapses them.
73,doi:10.3390/bdcc10050134,A Physically Regularized Control-Oriented State Model and Nonlinear Model Predictive Control Framework for an Ice Rink Refrigeration System,2026,Big Data and Cognitive Computing,https://doi.org/10.3390/bdcc10050134,Addresses robot adaptation and control or a neighboring robotics mechanism.,"Prior work usually predicts, ranks, filters, or imitates observed behavior rather than preserving unrealized branches.",The observed outcome is enough to supervise the model.,"Contact mode support, embodiment limits, and deployment perturbations.","Branch collapse, hidden-mode shift, and tail-risk planning failures.",Generic world models and generic uncertainty are crowded.,Actuator asymmetry policy state keeps action-critical alternatives explicit until a physical observation collapses them.
74,doi:10.1177/10775463251371737,Modeling and optimal control of dual stage cable suspended robot considering the cables’ elasticity using State Dependent Riccati Equation (SDRE) approach,2025,Journal of Vibration and Control,https://doi.org/10.1177/10775463251371737,Addresses robot adaptation and control or a neighboring robotics mechanism.,"Prior work usually predicts, ranks, filters, or imitates observed behavior rather than preserving unrealized branches.",The observed outcome is enough to supervise the model.,"Contact mode support, embodiment limits, and deployment perturbations.","Branch collapse, hidden-mode shift, and tail-risk planning failures.",Generic world models and generic uncertainty are crowded.,Actuator asymmetry policy state keeps action-critical alternatives explicit until a physical observation collapses them.
75,doi:10.1115/dscc2015-9794,Stable Robust Adaptive Impedance Control of a Prosthetic Leg,2015,Volume 1: Adaptive and Intelligent Systems Control; Advances in Control Design Methods; Advances in Non-Linear and Optimal Control; Advances in Robotics; Advances in Wind Energy Systems; Aerospace Applications; Aerospace Power Optimization; Assistive Robotics; Automotive 2: Hybrid Electric Vehicles; Automotive 3: Internal Combustion Engines; Automotive Engine Control; Battery Management; Bio Engineering Applications; Biomed and Neural Systems; Connected Vehicles; Control of Robotic Systems,https://doi.org/10.1115/dscc2015-9794,Addresses robot adaptation and control or a neighboring robotics mechanism.,"Prior work usually predicts, ranks, filters, or imitates observed behavior rather than preserving unrealized branches.",The observed outcome is enough to supervise the model.,"Contact mode support, embodiment limits, and deployment perturbations.","Branch collapse, hidden-mode shift, and tail-risk planning failures.",Generic world models and generic uncertainty are crowded.,Actuator asymmetry policy state keeps action-critical alternatives explicit until a physical observation collapses them.
76,doi:10.1115/imece2017-70665,Joint Torque Control of a Collaborative Robot Based on Active Disturbance Rejection With the Consideration of Actuator Delay,2017,"Volume 4A: Dynamics, Vibration, and Control",https://doi.org/10.1115/imece2017-70665,Addresses robot adaptation and control or a neighboring robotics mechanism.,"Prior work usually predicts, ranks, filters, or imitates observed behavior rather than preserving unrealized branches.",The observed outcome is enough to supervise the model.,"Contact mode support, embodiment limits, and deployment perturbations.","Branch collapse, hidden-mode shift, and tail-risk planning failures.",Generic world models and generic uncertainty are crowded.,Actuator asymmetry policy state keeps action-critical alternatives explicit until a physical observation collapses them.
77,doi:10.3390/robotics14110166,Neuromorphic Control of Robotic Systems with Numerical Simulations,2025,Robotics,https://doi.org/10.3390/robotics14110166,Addresses robot adaptation and control or a neighboring robotics mechanism.,"Prior work usually predicts, ranks, filters, or imitates observed behavior rather than preserving unrealized branches.",The observed outcome is enough to supervise the model.,"Contact mode support, embodiment limits, and deployment perturbations.","Branch collapse, hidden-mode shift, and tail-risk planning failures.",Generic world models and generic uncertainty are crowded.,Actuator asymmetry policy state keeps action-critical alternatives explicit until a physical observation collapses them.
78,doi:10.1002/oca.807,Computational optimal control of the terminal bunt manoeuvre—Part 1: minimum altitude case,2007,Optimal Control Applications and Methods,https://doi.org/10.1002/oca.807,Addresses robot adaptation and control or a neighboring robotics mechanism.,"Prior work usually predicts, ranks, filters, or imitates observed behavior rather than preserving unrealized branches.",The observed outcome is enough to supervise the model.,"Contact mode support, embodiment limits, and deployment perturbations.","Branch collapse, hidden-mode shift, and tail-risk planning failures.",Generic world models and generic uncertainty are crowded.,Actuator asymmetry policy state keeps action-critical alternatives explicit until a physical observation collapses them.
79,doi:10.3390/electronics15010061,A Hierarchical Predictive-Adaptive Control Framework for State-of-Charge Balancing in Mini-Grids Using Deep Reinforcement Learning,2025,Electronics,https://doi.org/10.3390/electronics15010061,Addresses robot adaptation and control or a neighboring robotics mechanism.,"Prior work usually predicts, ranks, filters, or imitates observed behavior rather than preserving unrealized branches.",The observed outcome is enough to supervise the model.,"Contact mode support, embodiment limits, and deployment perturbations.","Branch collapse, hidden-mode shift, and tail-risk planning failures.",Generic world models and generic uncertainty are crowded.,Actuator asymmetry policy state keeps action-critical alternatives explicit until a physical observation collapses them.
80,doi:10.1002/asjc.703,Switched State Model Predictive Control of Fractional‐Order Nonlinear Discrete‐Time Systems,2013,Asian Journal of Control,https://doi.org/10.1002/asjc.703,Addresses robot adaptation and control or a neighboring robotics mechanism.,"Prior work usually predicts, ranks, filters, or imitates observed behavior rather than preserving unrealized branches.",The observed outcome is enough to supervise the model.,"Contact mode support, embodiment limits, and deployment perturbations.","Branch collapse, hidden-mode shift, and tail-risk planning failures.",Generic world models and generic uncertainty are crowded.,Actuator asymmetry policy state keeps action-critical alternatives explicit until a physical observation collapses them.
81,doi:10.48550/arxiv.1905.13547,Learning robust control for LQR systems with multiplicative noise via policy gradient,2019,arXiv (Cornell University),https://doi.org/10.48550/arxiv.1905.13547,Addresses robot adaptation and control or a neighboring robotics mechanism.,"Prior work usually predicts, ranks, filters, or imitates observed behavior rather than preserving unrealized branches.",The observed outcome is enough to supervise the model.,"Contact mode support, embodiment limits, and deployment perturbations.","Branch collapse, hidden-mode shift, and tail-risk planning failures.",Generic world models and generic uncertainty are crowded.,Actuator asymmetry policy state keeps action-critical alternatives explicit until a physical observation collapses them.
82,doi:10.65109/robu3078,State Supervised Steering Function for Sampling-based Kinodynamic Planning,2022,International Joint Conference on Autonomous Agents and Multiagent Systems Proceedings of the Third International Joint Conference on Autonomous Agents and Multiagent Systems - Volume 1,https://doi.org/10.65109/robu3078,Addresses robot adaptation and control or a neighboring robotics mechanism.,"Prior work usually predicts, ranks, filters, or imitates observed behavior rather than preserving unrealized branches.",The observed outcome is enough to supervise the model.,"Contact mode support, embodiment limits, and deployment perturbations.","Branch collapse, hidden-mode shift, and tail-risk planning failures.",Generic world models and generic uncertainty are crowded.,Actuator asymmetry policy state keeps action-critical alternatives explicit until a physical observation collapses them.
83,doi:10.3390/act8030056,Position Control of Pneumatic Actuators Using Three-Mode Discrete-Valued Model Predictive Control,2019,Actuators,https://doi.org/10.3390/act8030056,Addresses robot adaptation and control or a neighboring robotics mechanism.,"Prior work usually predicts, ranks, filters, or imitates observed behavior rather than preserving unrealized branches.",The observed outcome is enough to supervise the model.,"Contact mode support, embodiment limits, and deployment perturbations.","Branch collapse, hidden-mode shift, and tail-risk planning failures.",Generic world models and generic uncertainty are crowded.,Actuator asymmetry policy state keeps action-critical alternatives explicit until a physical observation collapses them.
84,doi:10.1109/lra.2026.3653366,Safe Navigation Under State Uncertainty: Online Adaptation for Robust Control Barrier Functions,2026,IEEE Robotics and Automation Letters,https://doi.org/10.1109/lra.2026.3653366,Addresses robot adaptation and control or a neighboring robotics mechanism.,"Prior work usually predicts, ranks, filters, or imitates observed behavior rather than preserving unrealized branches.",The observed outcome is enough to supervise the model.,"Contact mode support, embodiment limits, and deployment perturbations.","Branch collapse, hidden-mode shift, and tail-risk planning failures.",Generic world models and generic uncertainty are crowded.,Actuator asymmetry policy state keeps action-critical alternatives explicit until a physical observation collapses them.
85,doi:10.1115/1.4054593,Adaptive Uncertainty Estimator-Based Sliding Mode Control for a Spherical Robot: Methodology and Verification,2022,Journal of Computational and Nonlinear Dynamics,https://doi.org/10.1115/1.4054593,Addresses robot adaptation and control or a neighboring robotics mechanism.,"Prior work usually predicts, ranks, filters, or imitates observed behavior rather than preserving unrealized branches.",The observed outcome is enough to supervise the model.,"Contact mode support, embodiment limits, and deployment perturbations.","Branch collapse, hidden-mode shift, and tail-risk planning failures.",Generic world models and generic uncertainty are crowded.,Actuator asymmetry policy state keeps action-critical alternatives explicit until a physical observation collapses them.
86,doi:10.14313/jamris/1-2023/9,Model-Free Sliding Mode Control for a Nonlinear Teleoperation System with Actuator Dynamics,2023,"Journal of Automation, Mobile Robotics and Intelligent Systems",https://doi.org/10.14313/jamris/1-2023/9,Addresses robot adaptation and control or a neighboring robotics mechanism.,"Prior work usually predicts, ranks, filters, or imitates observed behavior rather than preserving unrealized branches.",The observed outcome is enough to supervise the model.,"Contact mode support, embodiment limits, and deployment perturbations.","Branch collapse, hidden-mode shift, and tail-risk planning failures.",Generic world models and generic uncertainty are crowded.,Actuator asymmetry policy state keeps action-critical alternatives explicit until a physical observation collapses them.
87,doi:10.20965/jrm.2025.p1011,Autonomous Motion Control for Exploration Robots on Rough Terrain Using Enhanced DDPG Deep Reinforcement Learning,2025,Journal of Robotics and Mechatronics,https://doi.org/10.20965/jrm.2025.p1011,Addresses robot adaptation and control or a neighboring robotics mechanism.,"Prior work usually predicts, ranks, filters, or imitates observed behavior rather than preserving unrealized branches.",The observed outcome is enough to supervise the model.,"Contact mode support, embodiment limits, and deployment perturbations.","Branch collapse, hidden-mode shift, and tail-risk planning failures.",Generic world models and generic uncertainty are crowded.,Actuator asymmetry policy state keeps action-critical alternatives explicit until a physical observation collapses them.
88,doi:10.1002/oca.843,Optimal control problems with delays in state and control variables subject to mixed control–state constraints,2009,Optimal Control Applications and Methods,https://doi.org/10.1002/oca.843,Addresses robot adaptation and control or a neighboring robotics mechanism.,"Prior work usually predicts, ranks, filters, or imitates observed behavior rather than preserving unrealized branches.",The observed outcome is enough to supervise the model.,"Contact mode support, embodiment limits, and deployment perturbations.","Branch collapse, hidden-mode shift, and tail-risk planning failures.",Generic world models and generic uncertainty are crowded.,Actuator asymmetry policy state keeps action-critical alternatives explicit until a physical observation collapses them.
89,doi:10.1109/tro.2009.2028762,A Control Approach for Actuated Dynamic Walking in Biped Robots,2009,IEEE Transactions on Robotics,https://doi.org/10.1109/tro.2009.2028762,Addresses robot adaptation and control or a neighboring robotics mechanism.,"Prior work usually predicts, ranks, filters, or imitates observed behavior rather than preserving unrealized branches.",The observed outcome is enough to supervise the model.,"Contact mode support, embodiment limits, and deployment perturbations.","Branch collapse, hidden-mode shift, and tail-risk planning failures.",Generic world models and generic uncertainty are crowded.,Actuator asymmetry policy state keeps action-critical alternatives explicit until a physical observation collapses them.
90,doi:10.1016/j.robot.2024.104840,Fractional-order sliding mode control of manipulator combined with disturbance and state observer,2025,Robotics and Autonomous Systems,https://doi.org/10.1016/j.robot.2024.104840,Addresses robot adaptation and control or a neighboring robotics mechanism.,"Prior work usually predicts, ranks, filters, or imitates observed behavior rather than preserving unrealized branches.",The observed outcome is enough to supervise the model.,"Contact mode support, embodiment limits, and deployment perturbations.","Branch collapse, hidden-mode shift, and tail-risk planning failures.",Generic world models and generic uncertainty are crowded.,Actuator asymmetry policy state keeps action-critical alternatives explicit until a physical observation collapses them.
91,doi:10.1146/annurev-control-070220-100858,Optimal Transport in Systems and Control,2021,"Annual Review of Control, Robotics, and Autonomous Systems",https://doi.org/10.1146/annurev-control-070220-100858,Addresses robot adaptation and control or a neighboring robotics mechanism.,"Prior work usually predicts, ranks, filters, or imitates observed behavior rather than preserving unrealized branches.",The observed outcome is enough to supervise the model.,"Contact mode support, embodiment limits, and deployment perturbations.","Branch collapse, hidden-mode shift, and tail-risk planning failures.",Generic world models and generic uncertainty are crowded.,Actuator asymmetry policy state keeps action-critical alternatives explicit until a physical observation collapses them.
92,doi:10.1002/oca.806,Computational optimal control of the terminal bunt manoeuvre—Part 2: minimum‐time case,2007,Optimal Control Applications and Methods,https://doi.org/10.1002/oca.806,Addresses robot adaptation and control or a neighboring robotics mechanism.,"Prior work usually predicts, ranks, filters, or imitates observed behavior rather than preserving unrealized branches.",The observed outcome is enough to supervise the model.,"Contact mode support, embodiment limits, and deployment perturbations.","Branch collapse, hidden-mode shift, and tail-risk planning failures.",Generic world models and generic uncertainty are crowded.,Actuator asymmetry policy state keeps action-critical alternatives explicit until a physical observation collapses them.
93,doi:10.3390/robotics10010048,Motion Planning and Control of an Omnidirectional Mobile Robot in Dynamic Environments,2021,Robotics,https://doi.org/10.3390/robotics10010048,Addresses robot adaptation and control or a neighboring robotics mechanism.,"Prior work usually predicts, ranks, filters, or imitates observed behavior rather than preserving unrealized branches.",The observed outcome is enough to supervise the model.,"Contact mode support, embodiment limits, and deployment perturbations.","Branch collapse, hidden-mode shift, and tail-risk planning failures.",Generic world models and generic uncertainty are crowded.,Actuator asymmetry policy state keeps action-critical alternatives explicit until a physical observation collapses them.
94,doi:10.1109/tnnls.2021.3136357,Echo State Networks for Practical Nonlinear Model Predictive Control of Unknown Dynamic Systems,2022,IEEE Transactions on Neural Networks and Learning Systems,https://doi.org/10.1109/tnnls.2021.3136357,Addresses robot adaptation and control or a neighboring robotics mechanism.,"Prior work usually predicts, ranks, filters, or imitates observed behavior rather than preserving unrealized branches.",The observed outcome is enough to supervise the model.,"Contact mode support, embodiment limits, and deployment perturbations.","Branch collapse, hidden-mode shift, and tail-risk planning failures.",Generic world models and generic uncertainty are crowded.,Actuator asymmetry policy state keeps action-critical alternatives explicit until a physical observation collapses them.
95,arxiv:2606.00336v1,From Noise to Control: Parameterized Diffusion Policies,2026,arXiv,http://arxiv.org/abs/2606.00336v1,Addresses robot adaptation and control or a neighboring robotics mechanism.,"Prior work usually predicts, ranks, filters, or imitates observed behavior rather than preserving unrealized branches.",The observed outcome is enough to supervise the model.,"Contact mode support, embodiment limits, and deployment perturbations.","Branch collapse, hidden-mode shift, and tail-risk planning failures.",Generic world models and generic uncertainty are crowded.,Actuator asymmetry policy state keeps action-critical alternatives explicit until a physical observation collapses them.
96,doi:10.1109/icra48506.2021.9560732,Operational Space Control Under Actuator Bandwidth Limitation,2021,2021 IEEE International Conference on Robotics and Automation (ICRA),https://doi.org/10.1109/icra48506.2021.9560732,Addresses robot adaptation and control or a neighboring robotics mechanism.,"Prior work usually predicts, ranks, filters, or imitates observed behavior rather than preserving unrealized branches.",The observed outcome is enough to supervise the model.,"Contact mode support, embodiment limits, and deployment perturbations.","Branch collapse, hidden-mode shift, and tail-risk planning failures.",Generic world models and generic uncertainty are crowded.,Actuator asymmetry policy state keeps action-critical alternatives explicit until a physical observation collapses them.
97,doi:10.1109/robot.1985.1087305,On the optimal control of robotic manipulators with actuator and end-effector constraints,2005,,https://doi.org/10.1109/robot.1985.1087305,Addresses robot adaptation and control or a neighboring robotics mechanism.,"Prior work usually predicts, ranks, filters, or imitates observed behavior rather than preserving unrealized branches.",The observed outcome is enough to supervise the model.,"Contact mode support, embodiment limits, and deployment perturbations.","Branch collapse, hidden-mode shift, and tail-risk planning failures.",Generic world models and generic uncertainty are crowded.,Actuator asymmetry policy state keeps action-critical alternatives explicit until a physical observation collapses them.
98,doi:10.3390/robotics10020058,Particle Swarm Optimization—An Adaptation for the Control of Robotic Swarms,2021,Robotics,https://doi.org/10.3390/robotics10020058,Addresses robot adaptation and control or a neighboring robotics mechanism.,"Prior work usually predicts, ranks, filters, or imitates observed behavior rather than preserving unrealized branches.",The observed outcome is enough to supervise the model.,"Contact mode support, embodiment limits, and deployment perturbations.","Branch collapse, hidden-mode shift, and tail-risk planning failures.",Generic world models and generic uncertainty are crowded.,Actuator asymmetry policy state keeps action-critical alternatives explicit until a physical observation collapses them.
99,doi:10.1109/cdc42340.2020.9304310,Safe Learning-based Model Predictive Control under State- and Input-dependent Uncertainty using Scenario Trees,2020,2020 59th IEEE Conference on Decision and Control (CDC),https://doi.org/10.1109/cdc42340.2020.9304310,Addresses robot adaptation and control or a neighboring robotics mechanism.,"Prior work usually predicts, ranks, filters, or imitates observed behavior rather than preserving unrealized branches.",The observed outcome is enough to supervise the model.,"Contact mode support, embodiment limits, and deployment perturbations.","Branch collapse, hidden-mode shift, and tail-risk planning failures.",Generic world models and generic uncertainty are crowded.,Actuator asymmetry policy state keeps action-critical alternatives explicit until a physical observation collapses them.
100,doi:10.1177/0020294019900333,Model predictive control of a magnetic levitation system using two-level state feedback,2020,Measurement and Control,https://doi.org/10.1177/0020294019900333,Addresses robot adaptation and control or a neighboring robotics mechanism.,"Prior work usually predicts, ranks, filters, or imitates observed behavior rather than preserving unrealized branches.",The observed outcome is enough to supervise the model.,"Contact mode support, embodiment limits, and deployment perturbations.","Branch collapse, hidden-mode shift, and tail-risk planning failures.",Generic world models and generic uncertainty are crowded.,Actuator asymmetry policy state keeps action-critical alternatives explicit until a physical observation collapses them.
